"氏名","ふりがな","氏名ふりがな"
"堀よしあき","ほりよしあき","堀よしあき（ほりよしあき）"
"大瀬康介","おおせこうすけ","大瀬康介（おおせこうすけ）"
"中村あきひろ","なかむらあきひろ","中村あきひろ（なかむらあきひろ）"
"山下ひろみ","やましたひろみ","山下ひろみ（やましたひろみ）"
"はねだ福代","はねだふくよ","はねだ福代（はねだふくよ）"
"坂井ひであき","さかいひであき","坂井ひであき（さかいひであき）"
"高柳東彦","たかやなぎはるひこ","高柳東彦（たかやなぎはるひこ）"
"佐藤篤","さとうあつし","佐藤篤（さとうあつし）"
"坂井ユカコ","さかいゆかこ","坂井ユカコ（さかいゆかこ）"
"たきざわ正宜","たきざわせいぎ","たきざわ正宜（たきざわせいぎ）"
"高橋正利","たかはしまさとし","高橋正利（たかはしまさとし）"
"たかはしのりこ","たかはしのりこ","たかはしのりこ（たかはしのりこ）"
"加納進","かのうすすむ","加納進（かのうすすむ）"
"としま剛","としまつよし","としま剛（としまつよし）"
"田中哲","たなかさとし","田中哲（たなかさとし）"
"あさの清美","あさのきよみ","あさの清美（あさのきよみ）"
"しもむら緑","しもむらみどり","しもむら緑（しもむらみどり）"
"木内清","きうちきよし","木内清（きうちきよし）"
"はらつとむ","はらつとむ","はらつとむ（はらつとむ）"
"加藤拓","かとうたく","加藤拓（かとうたく）"
"井上ノエミ","いのうえのえみ","井上ノエミ（いのうえのえみ）"
"福田はるみ","ふくだはるみ","福田はるみ（ふくだはるみ）"
"藤崎こうき","ふじさきこうき","藤崎こうき（ふじさきこうき）"
"おおこし勝広","おおこしかつひろ","おおこし勝広（おおこしかつひろ）"
"渋田ちしゅう","しぶたちしゅう","渋田ちしゅう（しぶたちしゅう）"
"沖山仁","おきやまひとし","沖山仁（おきやまひとし）"
"かんだすなお","かんだすなお","かんだすなお（かんだすなお）"
"あべきみこ","あべきみこ","あべきみこ（あべきみこ）"
"田中邦友","たなかくにとも","田中邦友（たなかくにとも）"
"じんの博義","じんのひろよし","じんの博義（じんのひろよし）"
"とも宣子","とものぶこ","とも宣子（とものぶこ）"
"樋口敏郎","ひぐちとしろう","樋口敏郎（ひぐちとしろう）"
"村本ひろや","むらもとひろや","村本ひろや（むらもとひろや）"
"中沢えみり","なかざわえみり","中沢えみり（なかざわえみり）"
"千野美智子","ちのみちこ","千野美智子（ちのみちこ）"
"瀧澤良仁","たきざわよしひと","瀧澤良仁（たきざわよしひと）"
"西村孝幸","にしむらたかゆき","西村孝幸（にしむらたかゆき）"
"坂下修","さかしたおさむ","坂下修（さかしたおさむ）"
"松本ひさし","まつもとひさし","松本ひさし（まつもとひさし）"
"鈴木順子","すずきじゅんこ","鈴木順子（すずきじゅんこ）"
"西恭三郎","にしきょうざぶろう","西恭三郎（にしきょうざぶろう）"
"山本亨","やまもととおる","山本亨（やまもととおる）"
"かたくら洋","かたくらひろし","かたくら洋（かたくらひろし）"
"西原文隆","にしはらふみたか","西原文隆（にしはらふみたか）"
"林恒雄","はやしつねお","林恒雄（はやしつねお）"
"細田一夫","ほそだかずお","細田一夫（ほそだかずお）"
"広田充男","ひろたみつお","広田充男（ひろたみつお）"
"出羽邦夫","でわくにお","出羽邦夫（でわくにお）"
"片倉洋","かたくらひろし","片倉洋（かたくらひろし）"
"大越勝広","おおこしかつひろ","大越勝広（おおこしかつひろ）"
"甚野博義","じんのひろよし","甚野博義（じんのひろよし）"
"青木いさむ","あおきいさむ","青木いさむ（あおきいさむ）"
"江木義昭","えぎよしあき","江木義昭（えぎよしあき）"
"あそうあきこ","あそうあきこ","あそうあきこ（あそうあきこ）"
"中村光雄","なかむらみつお","中村光雄（なかむらみつお）"
"桜井浩之","さくらいひろゆき","桜井浩之（さくらいひろゆき）"
"木村たけつか","きむらたけつか","木村たけつか（きむらたけつか）"
"中沢進","なかざわすすむ","中沢進（なかざわすすむ）"
"沖田茂","おきたしげる","沖田茂（おきたしげる）"
"中嶋常夫","なかじまつねお","中嶋常夫（なかじまつねお）"
"坂岸栄治","さかきしえいじ","坂岸栄治（さかきしえいじ）"
"松野弘子","まつのひろこ","松野弘子（まつのひろこ）"
"薗田隆明","そのだたかあき","薗田隆明（そのだたかあき）"
"小池武二","こいけたけじ","小池武二（こいけたけじ）"
"槐勲","かいいさお","槐勲（かいいさお）"
"阿部喜見子","あべきけんこ","阿部喜見子（あべきけんこ）"
"早川幸一","はやかわこういち","早川幸一（はやかわこういち）"
"金澤修","かなざわおさむ","金澤修（かなざわおさむ）"
"坂岸榮治","さかきしえいじ","坂岸榮治（さかきしえいじ）"
"藤崎繁武","ふじさきはんたけし","藤崎繁武（ふじさきはんたけし）"
"阿部幸男","あべゆきお","阿部幸男（あべゆきお）"
"藤崎よしのり","ふじさきよしのり","藤崎よしのり（ふじさきよしのり）"
"堺井ゆき","さかいいゆき","堺井ゆき（さかいいゆき）"
"堺井裕貴","さかいいひろき","堺井裕貴（さかいいひろき）"
"牛山れい子","うしやまれいこ","牛山れい子（うしやまれいこ）"
"大海雄一郎","たいかいゆういちろう","大海雄一郎（たいかいゆういちろう）"
"松本紀良","まつもときら","松本紀良（まつもときら）"
"加藤廣高","かとうひろたか","加藤廣高（かとうひろたか）"
"大和久常雄","おおわくつねお","大和久常雄（おおわくつねお）"
"村松重昭","むらまつしげあき","村松重昭（むらまつしげあき）"
"佐藤四郎","さとうしろう","佐藤四郎（さとうしろう）"
"田部井稔夫","たべいとしお","田部井稔夫（たべいとしお）"
"樋口丈吉","ひぐちたけきち","樋口丈吉（ひぐちたけきち）"
"堺美穂子","さかいみほこ","堺美穂子（さかいみほこ）"
"大久保明","おおくぼめい","大久保明（おおくぼめい）"
